date,code,name,close,verdict,total,max_total,실적 성장,분기 추세,재무 건전성,밸류에이션,수급,컨센서스,공시,기술적·뉴스
2026-10-06,279570,케이뱅크,5520.0,중립,-4,16,-1,-1,-1,-1,0,0,0,0
2026-10-06,0009K0,에임드바이오,25900.0,중립,2,14,2,0,1,-2,0,,0,1
2026-10-06,0126Z0,삼성에피스홀딩스,373000.0,중립,3,12,,,2,-1,0,0,0,2
2026-10-06,439260,대한조선,48000.0,중립,3,16,1,1,2,-1,0,0,1,-1
2026-10-06,483650,달바글로벌,182200.0,매수 우위,7,16,2,1,2,-2,0,2,1,1
2026-10-06,031210,서울보증보험,41950.0,중립,1,14,1,-1,0,0,0,,1,0
2026-10-06,415640,KB발해인프라,10040.0,중립,-1,8,,,,,-1,1,0,-1
2026-10-06,489790,한화비전,52000.0,중립,-1,16,-1,2,-1,-2,-1,1,0,1
2026-10-06,062040,산일전기,235500.0,중립,2,16,2,-1,2,-2,0,-1,1,1
2026-10-06,443060,HD현대마린솔루션,226500.0,매수 우위,5,16,2,0,2,-2,0,2,1,0
2026-10-06,347850,디앤디파마텍,47750.0,중립,-2,14,-1,2,-2,-1,0,,1,-1
2026-10-06,475150,SK이터닉스,50500.0,중립,0,16,1,0,0,-2,0,2,0,-1
2026-10-06,437730,삼현,52100.0,매도 우위,-5,14,-2,-1,0,-2,0,,0,0
2026-10-06,066970,엘앤에프,124500.0,중립,-4,16,2,-2,-2,-1,-1,-1,1,0
2026-10-06,022100,포스코DX,22100.0,중립,0,16,-2,0,1,-2,1,1,1,0
2026-10-06,450080,에코프로머티,40150.0,중립,3,14,2,2,-1,-1,0,,0,1
2026-10-06,454910,두산로보틱스,75700.0,중립,2,14,1,2,-1,-1,0,,0,1
2026-10-06,440110,파두,87000.0,중립,4,16,2,1,-1,-1,0,2,1,0
2026-10-06,457190,이수스페셜티케미컬,84000.0,중립,-1,14,1,1,-1,-2,0,,0,0
2026-10-06,420770,기가비스,135500.0,매수 우위,8,16,2,2,2,-2,1,2,1,0
2026-10-06,403870,HPSP,69600.0,중립,2,16,-1,1,2,-2,1,1,0,0
2026-10-06,310210,보로노이,156900.0,중립,-1,14,-1,,0,-1,0,1,0,0
2026-10-06,402340,SK스퀘어,1164000.0,매수 우위,7,16,0,1,2,-1,0,2,2,1
2026-10-06,377300,카카오페이,40500.0,중립,0,16,2,1,-1,-2,0,1,0,-1
2026-10-06,329180,HD현대중공업,421500.0,중립,4,16,2,1,2,-2,0,0,2,-1
2026-10-06,395400,SK리츠,5290.0,중립,3,12,2,,1,0,0,,1,-1
2026-10-06,089860,롯데렌탈,50900.0,중립,2,16,1,0,-1,0,0,1,0,1
2026-10-06,259960,크래프톤,199600.0,매수 우위,7,16,2,2,2,0,0,0,2,-1
2026-10-06,383220,F&F,71200.0,중립,3,16,1,-1,2,-1,0,1,0,1
2026-10-06,361610,SK아이이테크놀로지,18170.0,중립,-3,16,-1,-2,-2,1,2,-2,0,1
2026-10-06,347700,스피어,27050.0,중립,-2,16,0,1,-2,-2,0,1,0,0
2026-10-06,302440,SK바이오사이언스,37750.0,중립,-2,14,0,0,-1,-1,0,,0,0
2026-10-06,277810,레인보우로보틱스,466000.0,중립,-2,16,1,-2,0,-2,0,0,0,1
2026-10-06,352820,하이브,157400.0,중립,-3,16,0,2,-1,-1,-2,0,0,-1
2026-10-06,357780,솔브레인,425500.0,매수 우위,5,16,2,1,2,-2,0,1,1,0
2026-10-06,326030,에스케이바이오팜,77300.0,중립,3,16,2,0,2,-2,-1,2,1,-1
2026-10-06,353200,대덕전자,158100.0,중립,4,16,2,1,2,-2,1,0,0,0
2026-10-06,204270,제이앤티씨,26350.0,매도 우위,-7,14,-1,-2,-2,-1,0,,-1,0
2026-10-06,322000,HD현대에너지솔루션,151400.0,매수 우위,4,14,2,0,2,-2,1,,0,1
2026-10-06,272210,한화시스템,81800.0,중립,4,16,2,2,0,-2,0,0,1,1
2026-10-06,323280,태성,63000.0,중립,3,14,2,2,-1,-1,0,,1,0
2026-10-06,003670,포스코퓨처엠,209000.0,중립,0,16,1,2,0,-2,0,-2,0,1
2026-10-06,319660,피에스케이,154000.0,매수 우위,6,16,2,1,2,-2,0,2,0,1
2026-10-06,319400,현대무벡스,21200.0,중립,-2,14,-1,0,0,-2,1,,1,-1
2026-10-06,307950,현대오토에버,390000.0,중립,1,16,1,0,1,-2,0,0,1,0
2026-10-06,192080,더블유게임즈,56700.0,매수 우위,5,16,2,0,2,0,0,1,0,0
2026-10-06,247540,에코프로비엠,130600.0,매도 우위,-8,16,-2,-2,-1,-2,0,-1,-1,1
2026-10-06,298380,에이비엘바이오,53000.0,매도 우위,-6,14,-2,-1,-1,-1,0,,0,-1
2026-10-06,290650,엘앤씨바이오,53000.0,매수 우위,6,14,2,2,1,-1,1,,-1,2
2026-10-06,108490,로보티즈,317000.0,중립,2,16,0,2,0,-2,2,0,0,0
2026-10-06,226950,올릭스,123600.0,중립,0,12,0,,0,-1,0,,-1,2
2026-10-06,298040,효성중공업,2803000.0,중립,1,16,2,-1,1,-2,0,0,1,0
2026-10-06,294870,IPARK현대산업개발,21750.0,중립,1,16,0,1,1,0,0,0,0,-1
2026-10-06,068270,셀트리온,182400.0,매수 우위,7,16,2,0,2,-2,0,2,2,1
2026-10-06,282330,BGF리테일,127100.0,중립,2,16,1,0,1,-1,0,2,0,-1
2026-10-06,281820,케이씨텍,106300.0,중립,3,14,2,-1,2,-2,1,,1,0
2026-10-06,950160,코오롱티슈진,17310.0,매도 우위,-7,14,-1,-2,-2,-1,0,,-1,0
2026-10-06,263750,펄어비스,33150.0,중립,1,16,2,0,1,-1,1,-1,0,-1
2026-10-06,035720,카카오,33550.0,중립,2,16,2,0,2,-1,0,0,0,-1
2026-10-06,271560,오리온,106400.0,중립,2,16,2,0,2,-1,-1,1,0,-1
2026-10-06,003380,하림지주,11620.0,매수 우위,7,14,2,1,0,2,1,,1,0
2026-10-06,251270,넷마블,34350.0,중립,0,16,0,0,1,1,-1,0,0,-1
2026-10-06,267250,HD현대,197100.0,매수 우위,7,16,2,2,1,0,0,1,2,-1
2026-10-06,267260,HD현대일렉트릭,686000.0,중립,4,16,2,1,2,-2,0,0,2,-1
2026-10-06,166090,하나머티리얼즈,65600.0,중립,3,16,2,0,2,-2,0,1,-1,1
2026-10-06,178320,서진시스템,43300.0,중립,-2,16,0,1,-2,-1,0,0,0,0
2026-10-06,183300,코미코,34250.0,중립,0,14,0,0,1,-2,0,,0,1
2026-10-06,241560,두산밥캣,55500.0,매수 우위,7,16,1,1,2,2,0,1,1,-1
2026-10-06,207940,삼성바이오로직스,1318000.0,중립,0,16,2,-1,2,-2,0,0,0,-1
2026-10-06,229640,LS에코에너지,68300.0,중립,-1,16,2,1,0,-2,0,-1,-1,0
2026-10-06,026960,동서,26650.0,중립,2,14,0,0,1,-1,0,,1,1
2026-10-06,237690,에스티팜,96900.0,매수 우위,5,16,2,1,2,-2,-1,0,1,2
2026-10-06,240810,원익IPS,142700.0,중립,-2,16,0,-1,1,-2,0,-1,0,1
2026-10-06,232140,와이씨,18130.0,중립,2,16,2,2,1,-2,0,-2,1,0
2026-10-06,145020,휴젤,182000.0,중립,-2,16,1,-1,2,-1,-2,0,0,-1
2026-10-06,140860,파크시스템스,307500.0,중립,-2,16,-2,0,1,-2,1,-1,0,1
2026-10-06,214370,케어젠,43350.0,중립,2,14,0,1,2,-2,0,,0,1
2026-10-06,079550,LIG디펜스앤에어로스페이스,712000.0,중립,-1,16,2,-1,0,-2,0,0,0,0
2026-10-06,222800,심텍,173900.0,중립,4,16,2,2,-2,-1,2,1,0,0
2026-10-06,214450,파마리서치,306000.0,중립,3,16,2,-1,2,-1,0,2,0,-1
2026-10-06,087010,펩트론,129400.0,매도 우위,-5,14,1,-2,-1,-1,-1,,0,-1
2026-10-06,085620,미래에셋생명,20350.0,중립,-3,14,0,-1,0,-2,0,,0,0
2026-10-06,214150,클래시스,31400.0,중립,1,16,1,0,2,0,0,0,-2,0
2026-10-06,028260,삼성물산,343500.0,중립,1,16,2,1,1,-2,0,0,0,-1
2026-10-06,196170,알테오젠,264000.0,매수 우위,7,16,2,2,2,-2,0,2,1,0
2026-10-06,204320,HL만도,47800.0,중립,-3,16,0,0,0,-2,0,0,0,-1
2026-10-06,064350,현대로템,112600.0,중립,0,16,1,-1,2,-2,0,0,1,-1
2026-10-06,131970,두산테스나,120500.0,중립,0,16,2,-1,1,-2,0,0,0,0
2026-10-06,180640,한진칼,133900.0,중립,2,14,1,1,2,-2,0,,1,-1
2026-10-06,181710,NHN,58600.0,중립,4,16,2,1,1,-1,0,2,0,-1
2026-10-06,175330,JB금융지주,28550.0,중립,4,16,0,1,0,1,0,1,2,-1
2026-10-06,141080,리가켐바이오,84500.0,매도 우위,-6,16,-1,-2,-1,-1,0,1,-2,0
2026-10-06,161890,한국콜마,138100.0,중립,4,16,2,1,2,-2,0,2,0,-1
2026-10-06,161390,한국타이어앤테크놀로지,60200.0,매수 우위,6,16,1,0,1,1,0,2,1,0
2026-10-06,140410,메지온,70800.0,매도 우위,-4,12,1,,-2,-1,-1,,0,-1
2026-10-06,007070,GS리테일,22200.0,중립,1,16,1,0,0,-1,0,2,0,-1
2026-10-06,089030,테크윙,57800.0,중립,1,14,2,0,0,-2,0,,1,0
2026-10-06,047810,한국항공우주,129900.0,중립,-3,16,1,-1,-1,-2,0,0,1,-1
2026-10-06,139480,이마트,71700.0,중립,-4,16,-1,0,0,1,-1,0,-2,-1
2026-10-06,139130,iM금융지주,18740.0,매수 우위,6,16,0,0,-1,2,1,0,2,2
2026-10-06,138040,메리츠금융지주,129500.0,중립,0,16,0,-1,1,-1,0,1,2,-2
2026-10-06,138930,BNK금융지주,15970.0,중립,3,16,0,-1,-1,2,0,0,2,1
2026-10-06,020150,롯데에너지머티리얼즈,54400.0,중립,-1,16,0,1,-1,0,1,-2,0,0
2026-10-06,131290,티에스이,311000.0,중립,4,16,2,0,2,-2,0,2,-1,1
2026-10-06,081660,미스토홀딩스,39000.0,매수 우위,8,16,2,2,2,-1,0,1,2,0
2026-10-06,096530,씨젠,37850.0,매수 우위,9,16,2,1,2,-2,1,2,2,1
2026-10-06,128940,한미약품,529000.0,매수 우위,7,16,2,2,2,-2,0,2,0,1
2026-10-06,032830,삼성생명,284500.0,중립,-3,16,1,-1,-1,-1,0,0,0,-1
2026-10-06,088350,한화생명,5280.0,중립,2,16,1,1,-1,1,0,2,-1,-1
2026-10-06,120110,코오롱인더,58200.0,중립,4,16,1,1,1,0,-1,0,1,1
2026-10-06,082920,비츠로셀,30300.0,중립,3,16,2,-1,2,-1,0,0,0,1
2026-10-06,039490,키움증권,254000.0,중립,1,16,2,0,0,0,0,0,0,-1
2026-10-06,111770,영원무역,69600.0,매수 우위,6,16,2,0,2,1,0,1,1,-1
2026-10-06,071970,HD현대마린엔진,47700.0,중립,2,16,2,-1,2,0,-1,0,1,-1
2026-10-06,105560,KB금융,167400.0,중립,4,16,1,0,0,0,0,2,2,-1
2026-10-06,103590,일진전기,88000.0,매수 우위,5,16,2,1,2,-2,0,0,1,1
2026-10-06,103140,풍산,76700.0,중립,-1,16,2,0,-1,-1,-1,0,0,0
2026-10-06,011070,LG이노텍,655000.0,중립,2,16,2,1,1,-2,0,0,0,0
2026-10-06,098460,고영,36600.0,중립,3,16,2,2,2,-2,0,-1,0,0
2026-10-06,032640,LG유플러스,14560.0,중립,3,16,0,1,0,0,-1,1,2,0
2026-10-06,020560,아시아나항공,8300.0,매도 우위,-5,14,-2,0,-2,-1,0,,-1,1
2026-10-06,095340,ISC,208000.0,중립,1,16,2,-1,2,-2,0,-1,0,1
2026-10-06,097950,CJ제일제당,179600.0,중립,-1,16,-1,0,-1,0,-1,0,1,1
2026-10-06,096770,SK이노베이션,156700.0,매수 우위,7,16,2,2,0,-1,1,1,1,1
2026-10-06,086520,에코프로,95900.0,매도 우위,-4,14,1,-2,-2,-1,0,,-1,1
2026-10-06,029780,삼성카드,41900.0,중립,2,16,0,1,-1,2,0,1,0,-1
2026-10-06,039200,오스코텍,39100.0,매수 우위,5,16,2,2,2,-2,0,1,-1,1
2026-10-06,093370,후성,16250.0,중립,3,14,2,2,-1,-2,1,,0,1
2026-10-06,090430,아모레퍼시픽,133000.0,중립,4,16,2,1,2,-2,0,2,0,-1
2026-10-06,088980,맥쿼리인프라,9780.0,매도 우위,-2,8,,,,,0,-1,0,-1
2026-10-06,068760,셀트리온제약,39700.0,중립,1,16,2,0,2,-2,-1,1,0,-1
2026-10-06,084370,유진테크,180900.0,중립,2,16,2,0,2,-2,0,0,0,0
2026-10-06,086790,하나금융지주,129200.0,중립,2,16,0,0,-1,0,0,2,2,-1
2026-10-06,083650,비에이치아이,58700.0,중립,2,16,2,0,1,-1,-2,2,1,-1
2026-10-06,067310,하나마이크론,52900.0,매수 우위,6,16,2,2,1,-2,2,2,-1,0
2026-10-06,073240,금호타이어,6730.0,매수 우위,6,16,0,1,2,1,0,2,0,0
2026-10-06,080220,제주반도체,94100.0,매수 우위,5,14,2,2,2,-2,1,,0,0
2026-10-06,078600,대주전자재료,112200.0,중립,0,14,2,0,-1,-2,1,,0,0
2026-10-06,078930,GS,106100.0,매수 우위,7,16,2,2,2,0,0,2,0,-1
2026-10-06,034220,LG디스플레이,8630.0,중립,-1,16,1,-1,-1,1,-1,0,0,0
2026-10-06,024110,기업은행,20150.0,중립,3,16,0,0,-1,2,0,1,1,0
2026-10-06,064760,티씨케이,297500.0,중립,4,16,2,0,2,-2,0,1,0,1
2026-10-06,071050,한국금융지주,178400.0,중립,3,16,1,1,0,1,1,0,0,-1
2026-10-06,069960,현대백화점,87800.0,중립,0,16,0,1,1,0,-2,0,1,-1
2026-10-06,069620,대웅제약,109200.0,중립,3,16,0,1,2,1,0,0,-1,0
2026-10-06,058610,에스피지,107000.0,중립,2,16,0,1,0,-2,1,0,1,1
2026-10-06,066570,LG전자,233000.0,매수 우위,6,16,1,2,0,-1,1,1,1,1
2026-10-06,060370,LS마린솔루션,34800.0,중립,4,16,2,2,1,-2,0,0,1,0
2026-10-06,043260,성호전자,32550.0,중립,0,14,2,2,-1,-1,0,,-2,0
2026-10-06,055550,신한지주,103800.0,매수 우위,5,16,1,1,0,0,0,2,2,-1
2026-10-06,035900,JYP Ent.,38150.0,중립,-2,16,0,-1,2,-1,-1,0,0,-1
2026-10-06,021240,코웨이,100300.0,매수 우위,5,16,1,0,1,-1,0,2,1,1
2026-10-06,036540,SFA반도체,11590.0,중립,2,16,1,1,-1,-1,0,2,0,0
2026-10-06,051900,LG생활건강,267000.0,중립,3,16,0,2,0,0,0,2,0,-1
2026-10-06,051910,LG화학,278000.0,중립,1,16,-1,2,-1,0,0,0,1,0
2026-10-06,047050,포스코인터내셔널,57500.0,중립,1,16,2,1,0,-1,0,0,0,-1
2026-10-06,034020,두산에너빌리티,81600.0,중립,-4,16,1,-1,-1,-2,-1,0,1,-1
2026-10-06,000250,삼천당제약,246500.0,중립,1,14,2,0,1,-2,-1,,1,0
2026-10-06,039030,이오테크닉스,547000.0,매수 우위,4,14,2,1,2,-2,0,,0,1
2026-10-06,032820,우리기술,12950.0,매도 우위,-7,14,-1,1,-2,-2,-1,,0,-2
2026-10-06,036930,주성엔지니어링,283000.0,중립,-2,16,-2,2,-1,-2,2,-1,0,0
2026-10-06,005290,동진쎄미켐,52600.0,중립,3,14,2,0,2,-2,0,,1,0
2026-10-06,033780,케이티앤지,176300.0,매수 우위,8,16,2,1,2,-2,0,2,2,1
2026-10-06,009540,HD한국조선해양,319000.0,매수 우위,5,16,2,1,2,-1,0,0,2,-1
2026-10-06,030200,케이티,51600.0,중립,2,16,-1,1,0,1,0,0,2,-1
2026-10-06,030000,제일기획,18640.0,중립,3,16,0,0,1,0,-1,0,2,1
2026-10-06,018670,SK가스,256000.0,중립,1,16,0,-2,0,0,0,1,1,1
2026-10-06,031980,피에스케이홀딩스,198100.0,중립,4,16,2,0,2,-2,1,1,0,0
2026-10-06,000660,SK하이닉스,1784000.0,매수 우위,5,16,2,2,2,-2,-1,0,2,0
2026-10-06,028050,삼성E&A,48050.0,매수 우위,5,16,2,1,1,-1,0,2,1,-1
2026-10-06,012630,HDC,23250.0,중립,1,14,0,1,1,2,1,,-2,-2
2026-10-06,030530,원익홀딩스,30900.0,중립,0,14,0,2,1,-2,0,,-1,0
2026-10-06,018880,한온시스템,3945.0,중립,2,16,1,0,-1,0,0,-1,1,2
2026-10-06,028300,HLB,47150.0,중립,-2,14,1,2,-2,-1,-1,,-1,0
2026-10-06,012750,에스원,84700.0,중립,2,16,-1,0,1,0,0,0,1,1
2026-10-06,011200,HMM,21450.0,매수 우위,5,16,0,1,2,-1,0,1,1,1
2026-10-06,010170,대한광통신,18780.0,중립,-1,14,1,0,-2,-1,1,,0,0
2026-10-06,007310,오뚜기,315000.0,중립,0,14,0,0,1,-1,0,,0,0
2026-10-06,010120,엘에스일렉트릭,217500.0,매수 우위,5,16,2,0,1,-2,1,2,0,1
2026-10-06,010140,삼성중공업,19740.0,중립,-1,16,2,0,0,-2,-1,0,1,-1
2026-10-06,011170,롯데케미칼,61600.0,중립,4,16,2,2,-1,1,0,0,1,-1
2026-10-06,001430,세아베스틸지주,47300.0,중립,2,16,2,1,0,-2,0,0,0,1
2026-10-06,008770,호텔신라,39300.0,매도 우위,-5,16,1,0,-2,-1,-2,0,0,-1
2026-10-06,010130,고려아연,1107000.0,중립,-1,16,2,0,1,-2,0,0,-1,-1
2026-10-06,009420,한올바이오파마,47850.0,중립,0,16,1,1,0,-1,0,0,0,-1
2026-10-06,017670,SK텔레콤,88600.0,중립,4,16,1,1,1,-2,1,2,1,-1
2026-10-06,012330,현대모비스,381500.0,중립,2,16,0,0,1,0,-1,0,2,0
2026-10-06,001450,현대해상,46800.0,매수 우위,5,16,1,1,1,1,0,2,0,-1
2026-10-06,005440,현대지에프홀딩스,12460.0,매수 우위,4,14,1,0,2,2,-1,,2,-2
2026-10-06,015760,한국전력공사,30250.0,중립,-2,16,-1,-1,1,1,-1,0,0,-1
2026-10-06,014680,한솔케미칼,276500.0,중립,1,16,1,1,2,-2,0,-1,0,0
2026-10-06,005850,에스엘,52400.0,중립,3,16,1,0,2,-1,0,0,0,1
2026-10-06,009970,영원무역홀딩스,162400.0,매수 우위,8,14,2,1,2,2,0,,2,-1
2026-10-06,007340,DN오토모티브,49700.0,매수 우위,10,16,2,1,2,1,0,2,1,1
2026-10-06,005490,POSCO홀딩스,319000.0,중립,1,16,1,0,1,-1,0,0,1,-1
2026-10-06,016360,삼성증권,89300.0,중립,2,16,1,1,0,-1,0,0,0,1
2026-10-06,011780,금호석유화학,118200.0,중립,4,16,1,2,1,1,-1,0,1,-1
2026-10-06,000500,가온전선,331000.0,중립,1,16,2,1,-1,-2,1,-1,0,1
2026-10-06,012450,한화에어로스페이스,1036000.0,중립,2,16,2,2,1,-2,0,0,0,-1
2026-10-06,007810,코리아써키트,89300.0,중립,2,16,2,0,2,-2,1,-1,0,0
2026-10-06,010060,OCI홀딩스,245000.0,매수 우위,7,16,2,2,0,0,-1,2,0,2
2026-10-06,000720,현대건설,113100.0,매도 우위,-5,16,-1,0,-1,-2,-1,0,1,-1
2026-10-06,006360,GS건설,33050.0,중립,0,16,-2,0,-1,-1,2,2,1,-1
2026-10-06,009150,삼성전기,1684000.0,매수 우위,8,16,2,1,2,-2,1,2,1,1
2026-10-06,006260,LS,300500.0,중립,-3,16,2,0,-2,-2,0,0,0,-1
2026-10-06,001740,SK네트웍스,6590.0,중립,1,16,0,-1,-1,-1,0,2,1,1
2026-10-06,004370,농심,396500.0,중립,3,16,1,0,1,-1,0,2,0,0
2026-10-06,001820,삼화콘덴서공업,160600.0,중립,3,16,1,1,1,-2,2,-1,0,1
2026-10-06,001120,LX인터내셔널,43450.0,중립,3,16,2,1,0,0,0,-1,0,1
2026-10-06,000990,DB하이텍,141100.0,매수 우위,7,16,2,1,2,-1,0,2,0,1
2026-10-06,005940,NH투자증권,26700.0,중립,1,16,1,0,0,-1,0,0,0,1
2026-10-06,006800,미래에셋증권,32100.0,중립,3,16,2,2,0,-2,0,0,2,-1
2026-10-06,003230,삼양식품,1204000.0,중립,1,16,2,0,2,-2,-1,0,1,-1
2026-10-06,001800,오리온홀딩스,22750.0,매수 우위,4,14,2,0,2,1,0,,0,-1
2026-10-06,005930,삼성전자,273000.0,매수 우위,8,16,2,2,2,-2,0,2,2,0
2026-10-06,005380,현대자동차,348500.0,중립,0,16,-1,0,0,0,0,0,2,-1
2026-10-06,009830,한화솔루션,37250.0,중립,2,16,2,2,-1,0,0,-1,0,0
2026-10-06,004990,롯데지주,23400.0,중립,-1,14,0,0,-1,1,0,,0,-1
2026-10-06,000270,기아,112800.0,중립,0,16,-1,0,2,0,0,0,0,-1
2026-10-06,004800,효성,158700.0,매수 우위,6,16,1,2,2,1,0,0,1,-1
2026-10-06,001040,CJ,129800.0,중립,1,16,0,0,0,-1,0,1,0,1
2026-10-06,000150,두산,1472000.0,중립,1,16,2,0,-1,-2,0,0,2,0
2026-10-06,005830,DB손해보험,183100.0,중립,3,16,0,1,1,0,0,2,0,-1
2026-10-06,002790,아모레퍼시픽홀딩스,25300.0,중립,1,14,1,0,2,0,0,,0,-2
2026-10-06,001440,대한전선,31850.0,중립,-1,16,2,0,0,-2,-1,0,0,0
2026-10-06,003490,대한항공,31250.0,중립,0,16,-1,0,-1,-2,1,2,0,1
2026-10-06,000100,유한양행,76400.0,중립,2,16,1,1,1,-2,0,0,2,-1
2026-10-06,000120,CJ대한통운,70000.0,중립,-1,16,0,0,0,1,-1,0,0,-1
2026-10-06,046970,우리로,8630.0,중립,0,14,2,0,0,-1,-1,,1,-1
